Field,Topic,Keyword,Related Word,Weight
環境,氣候變遷與自然災害,氣候變遷,氣候變遷,1.0
環境,氣候變遷與自然災害,氣候變遷,題材,0.996135
環境,氣候變遷與自然災害,氣候變遷,召開,0.99586
環境,氣候變遷與自然災害,氣候變遷,對抗,0.99585
環境,氣候變遷與自然災害,氣候變遷,威脅,0.995846
環境,氣候變遷與自然災害,氣候變遷,影響,0.995822
環境,氣候變遷與自然災害,氣候變遷,碳權,0.995665
環境,氣候變遷與自然災害,氣候變遷,全國,0.995627
環境,氣候變遷與自然災害,氣候變遷,因應,0.99561
環境,氣候變遷與自然災害,氣候變遷,替代,0.995565
環境,氣候變遷與自然災害,氣候變遷,會議,0.995562
環境,氣候變遷與自然災害,氣候變遷,__,0.995371
環境,氣候變遷與自然災害,氣候變遷,再生能源,0.995173
環境,氣候變遷與自然災害,氣候變遷,利多,0.995061
環境,氣候變遷與自然災害,氣候變遷,美國,0.995055
環境,氣候變遷與自然災害,氣候變遷,森林,0.995013
環境,氣候變遷與自然災害,氣候變遷,節能,0.994911
環境,氣候變遷與自然災害,氣候變遷,與會,0.99481
環境,氣候變遷與自然災害,氣候變遷,探討,0.994786
環境,氣候變遷與自然災害,氣候變遷,黃金,0.994763
環境,氣候變遷與自然災害,氣候變遷,達成,0.994751
環境,氣候變遷與自然災害,氣候變遷,調適,0.994711
環境,氣候變遷與自然災害,氣候變遷,可以,0.994641
環境,氣候變遷與自然災害,氣候變遷,登場,0.994635
環境,氣候變遷與自然災害,氣候變遷,峰會,0.994632
環境,氣候變遷與自然災害,氣候變遷,開發,0.99463
環境,氣候變遷與自然災害,氣候變遷,標準,0.994599
環境,氣候變遷與自然災害,氣候變遷,將成,0.994595
環境,氣候變遷與自然災害,氣候變遷,爭取,0.994567
環境,氣候變遷與自然災害,氣候變遷,ING,0.994552
環境,氣候變遷與自然災害,氣候變遷,銀行,0.99455
環境,氣候變遷與自然災害,氣候變遷,觀點,0.99452
環境,氣候變遷與自然災害,氣候變遷,布局,0.994496
環境,氣候變遷與自然災害,氣候變遷,積極,0.994475
環境,氣候變遷與自然災害,氣候變遷,開募,0.994466
環境,氣候變遷與自然災害,氣候變遷,當道,0.994445
環境,氣候變遷與自然災害,氣候變遷,理財,0.994445
環境,氣候變遷與自然災害,氣候變遷,時機,0.994442
環境,氣候變遷與自然災害,氣候變遷,共識,0.99443
環境,氣候變遷與自然災害,氣候變遷,概念,0.99441
環境,氣候變遷與自然災害,氣候變遷,金融時報,0.994381
環境,氣候變遷與自然災害,氣候變遷,歐盟,0.99431
環境,氣候變遷與自然災害,氣候變遷,策略,0.994286
環境,氣候變遷與自然災害,氣候變遷,高峰,0.994259
環境,氣候變遷與自然災害,氣候變遷,通過,0.994247
環境,氣候變遷與自然災害,氣候變遷,全球,0.994227
環境,氣候變遷與自然災害,氣候變遷,草案,0.994216
環境,氣候變遷與自然災害,氣候變遷,關鍵,0.994137
環境,氣候變遷與自然災害,氣候變遷,明年,0.994109
環境,氣候變遷與自然災害,氣候變遷,強化,0.994099
環境,氣候變遷與自然災害,氣候變遷,落實,0.994085
環境,氣候變遷與自然災害,氣候變遷,世界,0.994083
環境,氣候變遷與自然災害,氣候變遷,研討會,0.994043
環境,氣候變遷與自然災害,氣候變遷,經驗,0.994035
環境,氣候變遷與自然災害,氣候變遷,各國,0.994017
環境,氣候變遷與自然災害,氣候變遷,解決,0.993994
環境,氣候變遷與自然災害,氣候變遷,節能減碳,0.993993
環境,氣候變遷與自然災害,氣候變遷,重要,0.993984
環境,氣候變遷與自然災害,氣候變遷,減排,0.993876
環境,氣候變遷與自然災害,氣候變遷,成果,0.993871
環境,氣候變遷與自然災害,氣候變遷,減量,0.993867
環境,氣候變遷與自然災害,氣候變遷,氣候,0.993838
環境,氣候變遷與自然災害,氣候變遷,巴西,0.99383
環境,氣候變遷與自然災害,氣候變遷,效率,0.993787
環境,氣候變遷與自然災害,氣候變遷,技術,0.993751
環境,氣候變遷與自然災害,氣候變遷,外交,0.993751
環境,氣候變遷與自然災害,氣候變遷,研討,0.993733
環境,氣候變遷與自然災害,氣候變遷,降低,0.993707
環境,氣候變遷與自然災害,氣候變遷,不能,0.993685
環境,氣候變遷與自然災害,氣候變遷,新能源,0.993675
環境,氣候變遷與自然災害,氣候變遷,CO,0.993652
環境,氣候變遷與自然災害,氣候變遷,民眾,0.993638
環境,氣候變遷與自然災害,氣候變遷,教育,0.993604
環境,氣候變遷與自然災害,氣候變遷,考驗,0.993592
環境,氣候變遷與自然災害,氣候變遷,最好,0.993587
環境,氣候變遷與自然災害,氣候變遷,掌握,0.99358
環境,氣候變遷與自然災害,氣候變遷,LED,0.993575
環境,氣候變遷與自然災害,氣候變遷,海洋,0.99354
環境,氣候變遷與自然災害,氣候變遷,成立,0.993523
環境,氣候變遷與自然災害,氣候變遷,準備,0.993508
環境,氣候變遷與自然災害,氣候變遷,列車,0.993506
環境,氣候變遷與自然災害,氣候變遷,邁向,0.993502
環境,氣候變遷與自然災害,氣候變遷,協助,0.993483
環境,氣候變遷與自然災害,氣候變遷,總統,0.993481
環境,氣候變遷與自然災害,氣候變遷,議題,0.993478
環境,氣候變遷與自然災害,氣候變遷,才能,0.993477
環境,氣候變遷與自然災害,氣候變遷,哥本哈根,0.993475
環境,氣候變遷與自然災害,氣候變遷,億美元,0.993394
環境,氣候變遷與自然災害,氣候變遷,業者,0.993391
環境,氣候變遷與自然災害,氣候變遷,小時,0.99338
環境,氣候變遷與自然災害,氣候變遷,建築,0.993358
環境,氣候變遷與自然災害,氣候變遷,活動,0.993351
環境,氣候變遷與自然災害,氣候變遷,進行,0.993337
環境,氣候變遷與自然災害,氣候變遷,措施,0.993316
環境,氣候變遷與自然災害,氣候變遷,創造,0.993309
環境,氣候變遷與自然災害,氣候變遷,來臨,0.993305
環境,氣候變遷與自然災害,氣候變遷,催生,0.993272
環境,氣候變遷與自然災害,氣候變遷,ETF,0.993247
環境,氣候變遷與自然災害,氣候變遷,方案,0.993231
環境,氣候變遷與自然災害,氣候變遷,舉辦,0.993209
環境,氣候變遷與自然災害,氣候變遷,要求,0.993192
環境,氣候變遷與自然災害,氣候變遷,建設,0.993168
環境,氣候變遷與自然災害,氣候變遷,研發,0.993162
環境,氣候變遷與自然災害,氣候變遷,發電,0.993109
環境,氣候變遷與自然災害,氣候變遷,發現,0.993105
環境,氣候變遷與自然災害,氣候變遷,願景,0.993075
環境,氣候變遷與自然災害,氣候變遷,暖化,0.993074
環境,氣候變遷與自然災害,氣候變遷,歐洲,0.993071
環境,氣候變遷與自然災害,氣候變遷,城市,0.993033
環境,氣候變遷與自然災害,氣候變遷,領袖,0.993024
環境,氣候變遷與自然災害,氣候變遷,振興,0.993013
環境,氣候變遷與自然災害,氣候變遷,我們,0.992999
環境,氣候變遷與自然災害,氣候變遷,責任,0.992978
環境,氣候變遷與自然災害,氣候變遷,最大,0.992964
環境,氣候變遷與自然災害,氣候變遷,創新,0.992914
環境,氣候變遷與自然災害,氣候變遷,大事紀,0.992835
環境,氣候變遷與自然災害,氣候變遷,主軸,0.992823
環境,氣候變遷與自然災害,氣候變遷,智慧,0.992815
環境,氣候變遷與自然災害,氣候變遷,美元,0.992807
環境,氣候變遷與自然災害,氣候變遷,投入,0.992768
環境,氣候變遷與自然災害,氣候變遷,國內,0.992757
環境,氣候變遷與自然災害,氣候變遷,目標,0.992715
環境,氣候變遷與自然災害,氣候變遷,挑戰,0.992705
環境,氣候變遷與自然災害,氣候變遷,安全,0.99268
環境,氣候變遷與自然災害,氣候變遷,自然,0.99266
環境,氣候變遷與自然災害,氣候變遷,糧食,0.992649
環境,氣候變遷與自然災害,氣候變遷,真相,0.992641
環境,氣候變遷與自然災害,氣候變遷,論壇,0.992635
環境,氣候變遷與自然災害,氣候變遷,專家,0.992633
環境,氣候變遷與自然災害,氣候變遷,募集,0.992528
環境,氣候變遷與自然災害,氣候變遷,產品,0.992524
環境,氣候變遷與自然災害,氣候變遷,參與,0.992518
環境,氣候變遷與自然災害,氣候變遷,太陽能,0.992508
環境,氣候變遷與自然災害,氣候變遷,科技,0.992506
環境,氣候變遷與自然災害,氣候變遷,溫室效應,0.992497
環境,氣候變遷與自然災害,氣候變遷,抗暖化,0.992495
環境,氣候變遷與自然災害,氣候變遷,政策,0.992483
環境,氣候變遷與自然災害,氣候變遷,消費者,0.992455
環境,氣候變遷與自然災害,氣候變遷,一個,0.992439
環境,氣候變遷與自然災害,氣候變遷,空間,0.992418
環境,氣候變遷與自然災害,氣候變遷,我思,0.992415
環境,氣候變遷與自然災害,氣候變遷,規劃,0.992414
環境,氣候變遷與自然災害,氣候變遷,金融,0.992395
環境,氣候變遷與自然災害,氣候變遷,提供,0.992391
環境,氣候變遷與自然災害,氣候變遷,低碳,0.992386
環境,氣候變遷與自然災害,氣候變遷,成長,0.992328
環境,氣候變遷與自然災害,氣候變遷,綠化,0.992305
環境,氣候變遷與自然災害,氣候變遷,科學家,0.992283
環境,氣候變遷與自然災害,氣候變遷,加速,0.992261
環境,氣候變遷與自然災害,氣候變遷,競爭力,0.992232
環境,氣候變遷與自然災害,氣候變遷,計畫,0.992193
環境,氣候變遷與自然災害,氣候變遷,我見,0.992189
環境,氣候變遷與自然災害,氣候變遷,保護,0.992188
環境,氣候變遷與自然災害,氣候變遷,平台,0.992128
環境,氣候變遷與自然災害,氣候變遷,人民,0.99212
環境,氣候變遷與自然災害,氣候變遷,專欄,0.992114
環境,氣候變遷與自然災害,氣候變遷,排放,0.992072
環境,氣候變遷與自然災害,氣候變遷,風險管理,0.992066
環境,氣候變遷與自然災害,氣候變遷,設立,0.991985
環境,氣候變遷與自然災害,氣候變遷,胡錦濤,0.991975
環境,氣候變遷與自然災害,氣候變遷,衝擊,0.991944
環境,氣候變遷與自然災害,氣候變遷,聯合國,0.991913
環境,氣候變遷與自然災害,氣候變遷,亞洲,0.991902
環境,氣候變遷與自然災害,氣候變遷,綠能,0.99186
環境,氣候變遷與自然災害,氣候變遷,執政,0.991852
環境,氣候變遷與自然災害,氣候變遷,再生,0.991842
環境,氣候變遷與自然災害,氣候變遷,工程,0.991823
環境,氣候變遷與自然災害,氣候變遷,帶動,0.99182
環境,氣候變遷與自然災害,氣候變遷,新思維,0.991797
環境,氣候變遷與自然災害,氣候變遷,指數,0.99179
環境,氣候變遷與自然災害,氣候變遷,供應鏈,0.991749
環境,氣候變遷與自然災害,氣候變遷,經營,0.991745
環境,氣候變遷與自然災害,氣候變遷,未來,0.991718
環境,氣候變遷與自然災害,氣候變遷,空調,0.991711
環境,氣候變遷與自然災害,氣候變遷,氣象,0.991674
環境,氣候變遷與自然災害,氣候變遷,德盛,0.991668
環境,氣候變遷與自然災害,氣候變遷,提升,0.991594
環境,氣候變遷與自然災害,氣候變遷,關燈,0.991592
環境,氣候變遷與自然災害,氣候變遷,運動,0.991582
環境,氣候變遷與自然災害,氣候變遷,英國,0.991564
環境,氣候變遷與自然災害,氣候變遷,持續,0.991475
環境,氣候變遷與自然災害,氣候變遷,建構,0.991474
環境,氣候變遷與自然災害,氣候變遷,協議,0.99144
環境,氣候變遷與自然災害,氣候變遷,共同,0.991427
環境,氣候變遷與自然災害,氣候變遷,大學,0.991426
環境,氣候變遷與自然災害,氣候變遷,油價,0.991392
環境,氣候變遷與自然災害,氣候變遷,溫室氣體,0.991374
環境,氣候變遷與自然災害,氣候變遷,支持,0.991328
環境,氣候變遷與自然災害,氣候變遷,災難,0.991288
環境,氣候變遷與自然災害,氣候變遷,完整,0.991268
環境,氣候變遷與自然災害,氣候變遷,運用,0.991251
環境,氣候變遷與自然災害,氣候變遷,極端,0.991231
環境,氣候變遷與自然災害,溫室效應,溫室效應,1.0
環境,氣候變遷與自然災害,溫室效應,抗暖化,0.997153
環境,氣候變遷與自然災害,溫室效應,觀點,0.99708
環境,氣候變遷與自然災害,溫室效應,節能減碳,0.996988
環境,氣候變遷與自然災害,溫室效應,不能,0.996905
環境,氣候變遷與自然災害,溫室效應,CO,0.996883
環境,氣候變遷與自然災害,溫室效應,全國,0.996851
環境,氣候變遷與自然災害,溫室效應,協助,0.996836
環境,氣候變遷與自然災害,溫室效應,強化,0.996815
環境,氣候變遷與自然災害,溫室效應,登場,0.996814
環境,氣候變遷與自然災害,溫室效應,列車,0.996792
環境,氣候變遷與自然災害,溫室效應,準備,0.996768
環境,氣候變遷與自然災害,溫室效應,關鍵,0.99674
環境,氣候變遷與自然災害,溫室效應,威脅,0.996726
環境,氣候變遷與自然災害,溫室效應,民眾,0.996719
環境,氣候變遷與自然災害,溫室效應,各國,0.996706
環境,氣候變遷與自然災害,溫室效應,高峰,0.996679
環境,氣候變遷與自然災害,溫室效應,教育,0.996634
環境,氣候變遷與自然災害,溫室效應,世界,0.996624
環境,氣候變遷與自然災害,溫室效應,探討,0.996603
環境,氣候變遷與自然災害,溫室效應,金融時報,0.996591
環境,氣候變遷與自然災害,溫室效應,共識,0.996578
環境,氣候變遷與自然災害,溫室效應,智慧,0.996572
環境,氣候變遷與自然災害,溫室效應,達成,0.996536
環境,氣候變遷與自然災害,溫室效應,影響,0.996533
環境,氣候變遷與自然災害,溫室效應,對抗,0.996487
環境,氣候變遷與自然災害,溫室效應,消費者,0.996475
環境,氣候變遷與自然災害,溫室效應,巴西,0.996464
環境,氣候變遷與自然災害,溫室效應,再生能源,0.996414
環境,氣候變遷與自然災害,溫室效應,經驗,0.996411
環境,氣候變遷與自然災害,溫室效應,調適,0.996401
環境,氣候變遷與自然災害,溫室效應,發現,0.996398
環境,氣候變遷與自然災害,溫室效應,考驗,0.996386
環境,氣候變遷與自然災害,溫室效應,再生,0.996386
環境,氣候變遷與自然災害,溫室效應,歐盟,0.996381
環境,氣候變遷與自然災害,溫室效應,措施,0.996367
環境,氣候變遷與自然災害,溫室效應,加速,0.996355
環境,氣候變遷與自然災害,溫室效應,研討,0.996348
環境,氣候變遷與自然災害,溫室效應,振興,0.996321
環境,氣候變遷與自然災害,溫室效應,總統,0.996314
環境,氣候變遷與自然災害,溫室效應,全球暖化,0.996281
環境,氣候變遷與自然災害,溫室效應,草案,0.996271
環境,氣候變遷與自然災害,溫室效應,亞洲,0.996249
環境,氣候變遷與自然災害,溫室效應,邁向,0.996249
環境,氣候變遷與自然災害,溫室效應,專家,0.996241
環境,氣候變遷與自然災害,溫室效應,美元,0.996238
環境,氣候變遷與自然災害,溫室效應,美國,0.996232
環境,氣候變遷與自然災害,溫室效應,可以,0.99621
環境,氣候變遷與自然災害,溫室效應,成果,0.996192
環境,氣候變遷與自然災害,溫室效應,爭取,0.996184
環境,氣候變遷與自然災害,溫室效應,掌握,0.996175
環境,氣候變遷與自然災害,溫室效應,峰會,0.996156
環境,氣候變遷與自然災害,溫室效應,進行,0.996152
環境,氣候變遷與自然災害,溫室效應,低碳,0.996141
環境,氣候變遷與自然災害,溫室效應,召開,0.996135
環境,氣候變遷與自然災害,溫室效應,專欄,0.996122
環境,氣候變遷與自然災害,溫室效應,目標,0.996116
環境,氣候變遷與自然災害,溫室效應,人民,0.996113
環境,氣候變遷與自然災害,溫室效應,減排,0.99609
環境,氣候變遷與自然災害,溫室效應,領袖,0.99608
環境,氣候變遷與自然災害,溫室效應,與會,0.996079
環境,氣候變遷與自然災害,溫室效應,城市,0.996067
環境,氣候變遷與自然災害,溫室效應,我們,0.996066
環境,氣候變遷與自然災害,溫室效應,議題,0.996057
環境,氣候變遷與自然災害,溫室效應,團隊,0.996055
環境,氣候變遷與自然災害,溫室效應,開發,0.996022
環境,氣候變遷與自然災害,溫室效應,碳權,0.996009
環境,氣候變遷與自然災害,溫室效應,小時,0.996
環境,氣候變遷與自然災害,溫室效應,創造,0.995997
環境,氣候變遷與自然災害,溫室效應,主軸,0.99599
環境,氣候變遷與自然災害,溫室效應,最大,0.995982
環境,氣候變遷與自然災害,溫室效應,明年,0.995976
環境,氣候變遷與自然災害,溫室效應,綠化,0.995973
環境,氣候變遷與自然災害,溫室效應,技術,0.995969
環境,氣候變遷與自然災害,溫室效應,重要,0.995966
環境,氣候變遷與自然災害,溫室效應,業者,0.995943
環境,氣候變遷與自然災害,溫室效應,自然,0.995941
環境,氣候變遷與自然災害,溫室效應,落實,0.99594
環境,氣候變遷與自然災害,溫室效應,森林,0.995929
環境,氣候變遷與自然災害,溫室效應,通過,0.995845
環境,氣候變遷與自然災害,溫室效應,科學家,0.995841
環境,氣候變遷與自然災害,溫室效應,催生,0.99584
環境,氣候變遷與自然災害,溫室效應,英國,0.995821
環境,氣候變遷與自然災害,溫室效應,活動,0.995812
環境,氣候變遷與自然災害,溫室效應,工程,0.995805
環境,氣候變遷與自然災害,溫室效應,億美元,0.99579
環境,氣候變遷與自然災害,溫室效應,創新,0.995769
環境,氣候變遷與自然災害,溫室效應,策略,0.99571
環境,氣候變遷與自然災害,溫室效應,競爭力,0.9957
環境,氣候變遷與自然災害,溫室效應,海洋,0.995698
環境,氣候變遷與自然災害,溫室效應,舉辦,0.995672
環境,氣候變遷與自然災害,溫室效應,將成,0.995656
環境,氣候變遷與自然災害,溫室效應,建築,0.995653
環境,氣候變遷與自然災害,溫室效應,願景,0.995649
環境,氣候變遷與自然災害,溫室效應,指數,0.995616
環境,氣候變遷與自然災害,溫室效應,共同,0.995601
環境,氣候變遷與自然災害,溫室效應,理財,0.995598
環境,氣候變遷與自然災害,溫室效應,安全,0.995587
環境,氣候變遷與自然災害,溫室效應,發電,0.995538
環境,氣候變遷與自然災害,溫室效應,研討會,0.995528
環境,氣候變遷與自然災害,溫室效應,成長,0.995525
環境,氣候變遷與自然災害,溫室效應,公布,0.995498
環境,氣候變遷與自然災害,溫室效應,參與,0.995495
環境,氣候變遷與自然災害,溫室效應,關燈,0.995444
環境,氣候變遷與自然災害,溫室效應,新能源,0.995442
環境,氣候變遷與自然災害,溫室效應,風災,0.995431
環境,氣候變遷與自然災害,溫室效應,論壇,0.995425
環境,氣候變遷與自然災害,溫室效應,空間,0.995405
環境,氣候變遷與自然災害,溫室效應,保護,0.995398
環境,氣候變遷與自然災害,溫室效應,產品,0.995391
環境,氣候變遷與自然災害,溫室效應,支持,0.995391
環境,氣候變遷與自然災害,溫室效應,規劃,0.995375
環境,氣候變遷與自然災害,溫室效應,大事紀,0.995364
環境,氣候變遷與自然災害,溫室效應,LED,0.995361
環境,氣候變遷與自然災害,溫室效應,暖化,0.995361
環境,氣候變遷與自然災害,溫室效應,挑戰,0.995345
環境,氣候變遷與自然災害,溫室效應,金融,0.995342
環境,氣候變遷與自然災害,溫室效應,真相,0.995339
環境,氣候變遷與自然災害,溫室效應,生存,0.995333
環境,氣候變遷與自然災害,溫室效應,水利,0.995332
環境,氣候變遷與自然災害,溫室效應,時機,0.995316
環境,氣候變遷與自然災害,溫室效應,澳洲,0.995299
環境,氣候變遷與自然災害,溫室效應,聯合國,0.995297
環境,氣候變遷與自然災害,溫室效應,科技,0.995288
環境,氣候變遷與自然災害,溫室效應,計畫,0.995287
環境,氣候變遷與自然災害,溫室效應,風險管理,0.995285
環境,氣候變遷與自然災害,溫室效應,員工,0.995257
環境,氣候變遷與自然災害,溫室效應,執政,0.995255
環境,氣候變遷與自然災害,溫室效應,銀行,0.995254
環境,氣候變遷與自然災害,溫室效應,協議,0.995233
環境,氣候變遷與自然災害,溫室效應,開募,0.995216
環境,氣候變遷與自然災害,溫室效應,提供,0.995197
環境,氣候變遷與自然災害,溫室效應,新思維,0.995196
環境,氣候變遷與自然災害,溫室效應,學者,0.995173
環境,氣候變遷與自然災害,溫室效應,氣象,0.995163
環境,氣候變遷與自然災害,溫室效應,減量,0.995151
環境,氣候變遷與自然災害,溫室效應,成立,0.995138
環境,氣候變遷與自然災害,溫室效應,排放,0.995097
環境,氣候變遷與自然災害,溫室效應,責任,0.995092
環境,氣候變遷與自然災害,溫室效應,黃金,0.995082
環境,氣候變遷與自然災害,溫室效應,國家,0.995061
環境,氣候變遷與自然災害,溫室效應,供應鏈,0.995054
環境,氣候變遷與自然災害,溫室效應,歐洲,0.995053
環境,氣候變遷與自然災害,溫室效應,概念,0.995037
環境,氣候變遷與自然災害,溫室效應,節能,0.995008
環境,氣候變遷與自然災害,溫室效應,大學,0.995001
環境,氣候變遷與自然災害,溫室效應,方案,0.994984
環境,氣候變遷與自然災害,溫室效應,要求,0.994974
環境,氣候變遷與自然災害,溫室效應,外交,0.994935
環境,氣候變遷與自然災害,溫室效應,推動,0.99493
環境,氣候變遷與自然災害,溫室效應,最好,0.994922
環境,氣候變遷與自然災害,溫室效應,問題,0.994891
環境,氣候變遷與自然災害,溫室效應,開幕,0.994891
環境,氣候變遷與自然災害,溫室效應,預測,0.994882
環境,氣候變遷與自然災害,溫室效應,__,0.994862
環境,氣候變遷與自然災害,溫室效應,因應,0.994817
環境,氣候變遷與自然災害,溫室效應,利用,0.994809
環境,氣候變遷與自然災害,溫室效應,運動,0.994804
環境,氣候變遷與自然災害,溫室效應,災難,0.994802
環境,氣候變遷與自然災害,溫室效應,平台,0.994795
環境,氣候變遷與自然災害,溫室效應,題材,0.994795
環境,氣候變遷與自然災害,溫室效應,積極,0.994786
環境,氣候變遷與自然災害,溫室效應,才能,0.994755
環境,氣候變遷與自然災害,溫室效應,國內,0.994719
環境,氣候變遷與自然災害,溫室效應,缺水,0.99471
環境,氣候變遷與自然災害,溫室效應,態度,0.994697
環境,氣候變遷與自然災害,溫室效應,資金,0.994662
環境,氣候變遷與自然災害,溫室效應,衝擊,0.994657
環境,氣候變遷與自然災害,溫室效應,太陽能,0.994646
環境,氣候變遷與自然災害,溫室效應,水患,0.994616
環境,氣候變遷與自然災害,溫室效應,高市,0.994518
環境,氣候變遷與自然災害,溫室效應,台股,0.994505
環境,氣候變遷與自然災害,溫室效應,研發,0.994444
環境,氣候變遷與自然災害,溫室效應,必須,0.994387
環境,氣候變遷與自然災害,溫室效應,ETF,0.994341
環境,氣候變遷與自然災害,溫室效應,企業,0.994328
環境,氣候變遷與自然災害,溫室效應,可能,0.994261
環境,氣候變遷與自然災害,溫室效應,胡錦濤,0.994255
環境,氣候變遷與自然災害,溫室效應,海水,0.994236
環境,氣候變遷與自然災害,溫室效應,問世,0.994235
環境,氣候變遷與自然災害,溫室效應,聚焦,0.994232
環境,氣候變遷與自然災害,溫室效應,ING,0.994194
環境,氣候變遷與自然災害,溫室效應,環境,0.994191
環境,氣候變遷與自然災害,溫室效應,高爾,0.994167
環境,氣候變遷與自然災害,溫室效應,推出,0.99415
環境,氣候變遷與自然災害,溫室效應,油價,0.994137
環境,氣候變遷與自然災害,溫室效應,來臨,0.994137
環境,氣候變遷與自然災害,溫室效應,運用,0.994134
環境,氣候變遷與自然災害,溫室效應,替代,0.994107
環境,氣候變遷與自然災害,溫室效應,年內,0.994103
環境,氣候變遷與自然災害,溫室效應,時代,0.994088
環境,氣候變遷與自然災害,溫室效應,公民,0.994079
環境,氣候變遷與自然災害,溫室效應,新書,0.994072
環境,氣候變遷與自然災害,溫室效應,利多,0.994067
環境,氣候變遷與自然災害,溫室效應,一個,0.994058
環境,氣候變遷與自然災害,溫室效應,完整,0.993958
環境,氣候變遷與自然災害,溫室效應,樂觀,0.993954
環境,氣候變遷與自然災害,溫室氣體,溫室氣體,1.0
環境,氣候變遷與自然災害,溫室氣體,減量,0.996363
環境,氣候變遷與自然災害,溫室氣體,排放,0.995542
環境,氣候變遷與自然災害,溫室氣體,探討,0.995539
環境,氣候變遷與自然災害,溫室氣體,對抗,0.995505
環境,氣候變遷與自然災害,溫室氣體,節能,0.995502
環境,氣候變遷與自然災害,溫室氣體,科技,0.995369
環境,氣候變遷與自然災害,溫室氣體,因應,0.995317
環境,氣候變遷與自然災害,溫室氣體,成果,0.995277
環境,氣候變遷與自然災害,溫室氣體,策略,0.995102
環境,氣候變遷與自然災害,溫室氣體,提升,0.995003
環境,氣候變遷與自然災害,溫室氣體,協助,0.994931
環境,氣候變遷與自然災害,溫室氣體,建立,0.994922
環境,氣候變遷與自然災害,溫室氣體,調適,0.99488
環境,氣候變遷與自然災害,溫室氣體,競爭力,0.994858
環境,氣候變遷與自然災害,溫室氣體,創造,0.994851
環境,氣候變遷與自然災害,溫室氣體,全國,0.994822
環境,氣候變遷與自然災害,溫室氣體,標準,0.994805
環境,氣候變遷與自然災害,溫室氣體,最大,0.994749
環境,氣候變遷與自然災害,溫室氣體,供應鏈,0.994716
環境,氣候變遷與自然災害,溫室氣體,威脅,0.994711
環境,氣候變遷與自然災害,溫室氣體,論壇,0.994701
環境,氣候變遷與自然災害,溫室氣體,責任,0.994692
環境,氣候變遷與自然災害,溫室氣體,召開,0.994664
環境,氣候變遷與自然災害,溫室氣體,效率,0.99466
環境,氣候變遷與自然災害,溫室氣體,重要,0.994613
環境,氣候變遷與自然災害,溫室氣體,建築,0.994612
環境,氣候變遷與自然災害,溫室氣體,規劃,0.994589
環境,氣候變遷與自然災害,溫室氣體,要求,0.99457
環境,氣候變遷與自然災害,溫室氣體,政策,0.994547
環境,氣候變遷與自然災害,溫室氣體,達成,0.994546
環境,氣候變遷與自然災害,溫室氣體,節能減碳,0.994491
環境,氣候變遷與自然災害,溫室氣體,智慧,0.994445
環境,氣候變遷與自然災害,溫室氣體,邁向,0.99443
環境,氣候變遷與自然災害,溫室氣體,影響,0.99442
環境,氣候變遷與自然災害,溫室氣體,LED,0.994369
環境,氣候變遷與自然災害,溫室氣體,共同,0.994366
環境,氣候變遷與自然災害,溫室氣體,CO,0.994359
環境,氣候變遷與自然災害,溫室氣體,落實,0.994317
環境,氣候變遷與自然災害,溫室氣體,研討會,0.994274
環境,氣候變遷與自然災害,溫室氣體,新能源,0.994267
環境,氣候變遷與自然災害,溫室氣體,共識,0.994236
環境,氣候變遷與自然災害,溫室氣體,再生能源,0.994198
環境,氣候變遷與自然災害,溫室氣體,消費者,0.994191
環境,氣候變遷與自然災害,溫室氣體,通過,0.99417
環境,氣候變遷與自然災害,溫室氣體,黃金,0.994161
環境,氣候變遷與自然災害,溫室氣體,替代,0.994129
環境,氣候變遷與自然災害,溫室氣體,產品,0.994128
環境,氣候變遷與自然災害,溫室氣體,活動,0.994102
環境,氣候變遷與自然災害,溫室氣體,關鍵,0.994096
環境,氣候變遷與自然災害,溫室氣體,民眾,0.994047
環境,氣候變遷與自然災害,溫室氣體,企業,0.994032
環境,氣候變遷與自然災害,溫室氣體,研討,0.994016
環境,氣候變遷與自然災害,溫室氣體,催生,0.993996
環境,氣候變遷與自然災害,溫室氣體,成立,0.99396
環境,氣候變遷與自然災害,溫室氣體,目標,0.993948
環境,氣候變遷與自然災害,溫室氣體,考驗,0.993936
環境,氣候變遷與自然災害,溫室氣體,各國,0.993924
環境,氣候變遷與自然災害,溫室氣體,世界,0.993883
環境,氣候變遷與自然災害,溫室氣體,概念,0.993853
環境,氣候變遷與自然災害,溫室氣體,銀行,0.993819
環境,氣候變遷與自然災害,溫室氣體,觀點,0.993784
環境,氣候變遷與自然災害,溫室氣體,億美元,0.993759
環境,氣候變遷與自然災害,溫室氣體,總統,0.99375
環境,氣候變遷與自然災害,溫室氣體,強化,0.993699
環境,氣候變遷與自然災害,溫室氣體,加速,0.993668
環境,氣候變遷與自然災害,溫室氣體,高峰,0.993662
環境,氣候變遷與自然災害,溫室氣體,環境,0.993658
環境,氣候變遷與自然災害,溫室氣體,技術,0.993655
環境,氣候變遷與自然災害,溫室氣體,經營,0.993647
環境,氣候變遷與自然災害,溫室氣體,積極,0.993644
環境,氣候變遷與自然災害,溫室氣體,開發,0.993607
環境,氣候變遷與自然災害,溫室氣體,理財,0.993606
環境,氣候變遷與自然災害,溫室氣體,研發,0.99354
環境,氣候變遷與自然災害,溫室氣體,舉辦,0.993517
環境,氣候變遷與自然災害,溫室氣體,開募,0.993517
環境,氣候變遷與自然災害,溫室氣體,投入,0.993512
環境,氣候變遷與自然災害,溫室氣體,專家,0.993509
環境,氣候變遷與自然災害,溫室氣體,參與,0.993493
環境,氣候變遷與自然災害,溫室氣體,解決,0.993469
環境,氣候變遷與自然災害,溫室氣體,將成,0.993438
環境,氣候變遷與自然災害,溫室氣體,國內,0.993364
環境,氣候變遷與自然災害,溫室氣體,不能,0.993362
環境,氣候變遷與自然災害,溫室氣體,建設,0.993289
環境,氣候變遷與自然災害,溫室氣體,歐洲,0.993254
環境,氣候變遷與自然災害,溫室氣體,一個,0.993248
環境,氣候變遷與自然災害,溫室氣體,發現,0.993247
環境,氣候變遷與自然災害,溫室氣體,教育,0.993247
環境,氣候變遷與自然災害,溫室氣體,員工,0.993243
環境,氣候變遷與自然災害,溫室氣體,金融時報,0.993232
環境,氣候變遷與自然災害,溫室氣體,可以,0.993218
環境,氣候變遷與自然災害,溫室氣體,題材,0.993218
環境,氣候變遷與自然災害,溫室氣體,願景,0.993198
環境,氣候變遷與自然災害,溫室氣體,全球,0.993187
環境,氣候變遷與自然災害,溫室氣體,業者,0.993173
環境,氣候變遷與自然災害,溫室氣體,小時,0.99315
環境,氣候變遷與自然災害,溫室氣體,振興,0.993103
環境,氣候變遷與自然災害,溫室氣體,森林,0.993094
環境,氣候變遷與自然災害,溫室氣體,條例,0.993084
環境,氣候變遷與自然災害,溫室氣體,進行,0.993065
環境,氣候變遷與自然災害,溫室氣體,自然,0.993047
環境,氣候變遷與自然災害,溫室氣體,利多,0.992992
環境,氣候變遷與自然災害,溫室氣體,美元,0.992977
環境,氣候變遷與自然災害,溫室氣體,列車,0.99297
環境,氣候變遷與自然災害,溫室氣體,時機,0.992876
環境,氣候變遷與自然災害,溫室氣體,利用,0.992869
環境,氣候變遷與自然災害,溫室氣體,計畫,0.992856
環境,氣候變遷與自然災害,溫室氣體,準備,0.992855
環境,氣候變遷與自然災害,溫室氣體,經驗,0.99283
環境,氣候變遷與自然災害,溫室氣體,掌握,0.992808
環境,氣候變遷與自然災害,溫室氣體,__,0.992764
環境,氣候變遷與自然災害,溫室氣體,保護,0.992734
環境,氣候變遷與自然災害,溫室氣體,ING,0.992707
環境,氣候變遷與自然災害,溫室氣體,草案,0.992695
環境,氣候變遷與自然災害,溫室氣體,與會,0.992694
環境,氣候變遷與自然災害,溫室氣體,募集,0.992659
環境,氣候變遷與自然災害,溫室氣體,議題,0.992652
環境,氣候變遷與自然災害,溫室氣體,方案,0.992652
環境,氣候變遷與自然災害,溫室氣體,美國,0.992635
環境,氣候變遷與自然災害,溫室氣體,人民,0.992633
環境,氣候變遷與自然災害,溫室氣體,登場,0.99262
環境,氣候變遷與自然災害,溫室氣體,必須,0.992583
環境,氣候變遷與自然災害,溫室氣體,碳權,0.992579
環境,氣候變遷與自然災害,溫室氣體,來臨,0.99254
環境,氣候變遷與自然災害,溫室氣體,才能,0.992493
環境,氣候變遷與自然災害,溫室氣體,主軸,0.992451
環境,氣候變遷與自然災害,溫室氣體,關燈,0.992446
環境,氣候變遷與自然災害,溫室氣體,爭取,0.992443
環境,氣候變遷與自然災害,溫室氣體,推動,0.992442
環境,氣候變遷與自然災害,溫室氣體,推出,0.992385
環境,氣候變遷與自然災害,溫室氣體,抗暖化,0.992368
環境,氣候變遷與自然災害,溫室氣體,設立,0.992338
環境,氣候變遷與自然災害,溫室氣體,地球日,0.992334
環境,氣候變遷與自然災害,溫室氣體,提供,0.992334
環境,氣候變遷與自然災害,溫室氣體,發電,0.992332
環境,氣候變遷與自然災害,溫室氣體,領袖,0.99232
環境,氣候變遷與自然災害,溫室氣體,油價,0.99232
環境,氣候變遷與自然災害,溫室氣體,暖化,0.992302
環境,氣候變遷與自然災害,溫室氣體,綠化,0.992281
環境,氣候變遷與自然災害,溫室氣體,太陽能,0.992267
環境,氣候變遷與自然災害,溫室氣體,亞洲,0.992254
環境,氣候變遷與自然災害,溫室氣體,英國,0.992251
環境,氣候變遷與自然災害,溫室氣體,創新,0.992242
環境,氣候變遷與自然災害,溫室氣體,空調,0.992233
環境,氣候變遷與自然災害,溫室氣體,明年,0.992226
環境,氣候變遷與自然災害,溫室氣體,降低,0.992213
環境,氣候變遷與自然災害,溫室氣體,綠能,0.992155
環境,氣候變遷與自然災害,溫室氣體,措施,0.992106
環境,氣候變遷與自然災害,溫室氣體,巴西,0.992094
環境,氣候變遷與自然災害,溫室氣體,空間,0.992087
環境,氣候變遷與自然災害,溫室氣體,最好,0.992086
環境,氣候變遷與自然災害,溫室氣體,減排,0.992045
環境,氣候變遷與自然災害,溫室氣體,挑戰,0.992007
環境,氣候變遷與自然災害,溫室氣體,再生,0.992
環境,氣候變遷與自然災害,溫室氣體,帶動,0.991999
環境,氣候變遷與自然災害,溫室氣體,風險管理,0.991986
環境,氣候變遷與自然災害,溫室氣體,衝擊,0.991972
環境,氣候變遷與自然災害,溫室氣體,溫室效應,0.991908
環境,氣候變遷與自然災害,溫室氣體,城市,0.991898
環境,氣候變遷與自然災害,溫室氣體,氣象,0.991869
環境,氣候變遷與自然災害,溫室氣體,學者,0.991838
環境,氣候變遷與自然災害,溫室氣體,持續,0.991794
環境,氣候變遷與自然災害,溫室氣體,機會,0.991733
環境,氣候變遷與自然災害,溫室氣體,水資源,0.991721
環境,氣候變遷與自然災害,溫室氣體,會議,0.991717
環境,氣候變遷與自然災害,溫室氣體,風災,0.991696
環境,氣候變遷與自然災害,溫室氣體,建構,0.991693
環境,氣候變遷與自然災害,溫室氣體,政府,0.991672
環境,氣候變遷與自然災害,溫室氣體,商機,0.991651
環境,氣候變遷與自然災害,溫室氣體,安全,0.991627
環境,氣候變遷與自然災害,溫室氣體,外交,0.991609
環境,氣候變遷與自然災害,溫室氣體,年內,0.991596
環境,氣候變遷與自然災害,溫室氣體,金融,0.991571
環境,氣候變遷與自然災害,溫室氣體,執政,0.99157
環境,氣候變遷與自然災害,溫室氣體,真相,0.991567
環境,氣候變遷與自然災害,溫室氣體,工程,0.991552
環境,氣候變遷與自然災害,溫室氣體,完整,0.991516
環境,氣候變遷與自然災害,溫室氣體,成長,0.991512
環境,氣候變遷與自然災害,溫室氣體,當道,0.991508
環境,氣候變遷與自然災害,溫室氣體,未來,0.991477
環境,氣候變遷與自然災害,溫室氣體,低碳,0.991476
環境,氣候變遷與自然災害,溫室氣體,平台,0.991464
環境,氣候變遷與自然災害,溫室氣體,大學,0.99146
環境,氣候變遷與自然災害,溫室氣體,指數,0.991421
環境,氣候變遷與自然災害,溫室氣體,公布,0.991387
環境,氣候變遷與自然災害,溫室氣體,運動,0.991378
環境,氣候變遷與自然災害,溫室氣體,氣候變遷,0.991374
環境,氣候變遷與自然災害,溫室氣體,全球暖化,0.991347
環境,氣候變遷與自然災害,溫室氣體,峰會,0.991317
環境,氣候變遷與自然災害,氣候,氣候,1.0
環境,氣候變遷與自然災害,氣候,哥本哈根,0.998396
環境,氣候變遷與自然災害,氣候,碳權,0.997754
環境,氣候變遷與自然災害,氣候,減排,0.997647
環境,氣候變遷與自然災害,氣候,峰會,0.997567
環境,氣候變遷與自然災害,氣候,與會,0.99745
環境,氣候變遷與自然災害,氣候,明年,0.99741
環境,氣候變遷與自然災害,氣候,會議,0.997356
環境,氣候變遷與自然災害,氣候,爭取,0.997223
環境,氣候變遷與自然災害,氣候,開發,0.996693
環境,氣候變遷與自然災害,氣候,森林,0.996663
環境,氣候變遷與自然災害,氣候,登場,0.996553
環境,氣候變遷與自然災害,氣候,協議,0.996513
環境,氣候變遷與自然災害,氣候,我們,0.996478
環境,氣候變遷與自然災害,氣候,經驗,0.996458
環境,氣候變遷與自然災害,氣候,巴西,0.996358
環境,氣候變遷與自然災害,氣候,安全,0.99631
環境,氣候變遷與自然災害,氣候,草案,0.996244
環境,氣候變遷與自然災害,氣候,方案,0.996241
環境,氣候變遷與自然災害,氣候,海洋,0.996239
環境,氣候變遷與自然災害,氣候,強化,0.996172
環境,氣候變遷與自然災害,氣候,國家,0.99616
環境,氣候變遷與自然災害,氣候,觀點,0.996097
環境,氣候變遷與自然災害,氣候,措施,0.996079
環境,氣候變遷與自然災害,氣候,美國,0.996023
環境,氣候變遷與自然災害,氣候,全國,0.995968
環境,氣候變遷與自然災害,氣候,影響,0.995945
環境,氣候變遷與自然災害,氣候,再生能源,0.995926
環境,氣候變遷與自然災害,氣候,召開,0.995891
環境,氣候變遷與自然災害,氣候,關鍵,0.995876
環境,氣候變遷與自然災害,氣候,金融時報,0.995809
環境,氣候變遷與自然災害,氣候,威脅,0.995759
環境,氣候變遷與自然災害,氣候,創新,0.995748
環境,氣候變遷與自然災害,氣候,對抗,0.995707
環境,氣候變遷與自然災害,氣候,振興,0.995706
環境,氣候變遷與自然災害,氣候,歐盟,0.995694
環境,氣候變遷與自然災害,氣候,領袖,0.995638
環境,氣候變遷與自然災害,氣候,共識,0.995631
環境,氣候變遷與自然災害,氣候,總統,0.995623
環境,氣候變遷與自然災害,氣候,議題,0.99562
環境,氣候變遷與自然災害,氣候,CO,0.995583
環境,氣候變遷與自然災害,氣候,專欄,0.995537
環境,氣候變遷與自然災害,氣候,各國,0.995518
環境,氣候變遷與自然災害,氣候,挑戰,0.99546
環境,氣候變遷與自然災害,氣候,大事紀,0.995379
環境,氣候變遷與自然災害,氣候,外交,0.995322
環境,氣候變遷與自然災害,氣候,節能減碳,0.995315
環境,氣候變遷與自然災害,氣候,平台,0.995285
環境,氣候變遷與自然災害,氣候,高峰,0.995247
環境,氣候變遷與自然災害,氣候,預測,0.995229
環境,氣候變遷與自然災害,氣候,不能,0.995215
環境,氣候變遷與自然災害,氣候,美元,0.995173
環境,氣候變遷與自然災害,氣候,金融,0.995073
環境,氣候變遷與自然災害,氣候,小時,0.99504
環境,氣候變遷與自然災害,氣候,準備,0.995039
環境,氣候變遷與自然災害,氣候,通過,0.994999
環境,氣候變遷與自然災害,氣候,可能,0.99493
環境,氣候變遷與自然災害,氣候,調適,0.99485
環境,氣候變遷與自然災害,氣候,節能,0.994809
環境,氣候變遷與自然災害,氣候,低碳,0.994787
環境,氣候變遷與自然災害,氣候,__,0.994762
環境,氣候變遷與自然災害,氣候,教育,0.994758
環境,氣候變遷與自然災害,氣候,才能,0.994754
環境,氣候變遷與自然災害,氣候,技術,0.994751
環境,氣候變遷與自然災害,氣候,進行,0.99473
環境,氣候變遷與自然災害,氣候,可以,0.994712
環境,氣候變遷與自然災害,氣候,亞洲,0.994708
環境,氣候變遷與自然災害,氣候,達成,0.994618
環境,氣候變遷與自然災害,氣候,活動,0.994612
環境,氣候變遷與自然災害,氣候,空間,0.994593
環境,氣候變遷與自然災害,氣候,真相,0.99459
環境,氣候變遷與自然災害,氣候,民眾,0.994569
環境,氣候變遷與自然災害,氣候,極端,0.994557
環境,氣候變遷與自然災害,氣候,掌握,0.99455
環境,氣候變遷與自然災害,氣候,災難,0.994543
環境,氣候變遷與自然災害,氣候,發現,0.994499
環境,氣候變遷與自然災害,氣候,最好,0.994493
環境,氣候變遷與自然災害,氣候,水患,0.994484
環境,氣候變遷與自然災害,氣候,考驗,0.994451
環境,氣候變遷與自然災害,氣候,大學,0.99442
環境,氣候變遷與自然災害,氣候,目標,0.994416
環境,氣候變遷與自然災害,氣候,城市,0.994411
環境,氣候變遷與自然災害,氣候,提供,0.994366
環境,氣候變遷與自然災害,氣候,科學家,0.994352
環境,氣候變遷與自然災害,氣候,邁向,0.99435
環境,氣候變遷與自然災害,氣候,人民,0.994343
環境,氣候變遷與自然災害,氣候,ETF,0.994328
環境,氣候變遷與自然災害,氣候,抗暖化,0.994297
環境,氣候變遷與自然災害,氣候,全球暖化,0.994236
環境,氣候變遷與自然災害,氣候,列車,0.994197
環境,氣候變遷與自然災害,氣候,協助,0.994187
環境,氣候變遷與自然災害,氣候,專家,0.994105
環境,氣候變遷與自然災害,氣候,時機,0.994098
環境,氣候變遷與自然災害,氣候,支持,0.994084
環境,氣候變遷與自然災害,氣候,解決,0.994074
環境,氣候變遷與自然災害,氣候,樂觀,0.994065
環境,氣候變遷與自然災害,氣候,研討,0.99405
環境,氣候變遷與自然災害,氣候,聯合國,0.993976
環境,氣候變遷與自然災害,氣候,發電,0.993924
環境,氣候變遷與自然災害,氣候,執政,0.993909
環境,氣候變遷與自然災害,氣候,世界,0.993902
環境,氣候變遷與自然災害,氣候,題材,0.993885
環境,氣候變遷與自然災害,氣候,落實,0.993847
環境,氣候變遷與自然災害,氣候,氣候變遷,0.993838
環境,氣候變遷與自然災害,氣候,億美元,0.993816
環境,氣候變遷與自然災害,氣候,要求,0.993815
環境,氣候變遷與自然災害,氣候,催生,0.993802
環境,氣候變遷與自然災害,氣候,衝擊,0.993794
環境,氣候變遷與自然災害,氣候,胡錦濤,0.993774
環境,氣候變遷與自然災害,氣候,聚焦,0.993748
環境,氣候變遷與自然災害,氣候,主軸,0.993718
環境,氣候變遷與自然災害,氣候,減量,0.99371
環境,氣候變遷與自然災害,氣候,探討,0.993703
環境,氣候變遷與自然災害,氣候,團隊,0.99369
環境,氣候變遷與自然災害,氣候,重要,0.993688
環境,氣候變遷與自然災害,氣候,綠化,0.993686
環境,氣候變遷與自然災害,氣候,成長,0.993668
環境,氣候變遷與自然災害,氣候,太陽能,0.993664
環境,氣候變遷與自然災害,氣候,策略,0.993648
環境,氣候變遷與自然災害,氣候,智慧,0.993604
環境,氣候變遷與自然災害,氣候,保護,0.993592
環境,氣候變遷與自然災害,氣候,新思維,0.993558
環境,氣候變遷與自然災害,氣候,加速,0.993554
環境,氣候變遷與自然災害,氣候,銀行,0.993552
環境,氣候變遷與自然災害,氣候,公布,0.993537
環境,氣候變遷與自然災害,氣候,運動,0.993501
環境,氣候變遷與自然災害,氣候,開幕,0.993485
環境,氣候變遷與自然災害,氣候,參與,0.99347
環境,氣候變遷與自然災害,氣候,LED,0.993462
環境,氣候變遷與自然災害,氣候,將成,0.993435
環境,氣候變遷與自然災害,氣候,空調,0.993405
環境,氣候變遷與自然災害,氣候,推出,0.993351
環境,氣候變遷與自然災害,氣候,高市,0.99329
環境,氣候變遷與自然災害,氣候,氣象,0.993284
環境,氣候變遷與自然災害,氣候,工程,0.993266
環境,氣候變遷與自然災害,氣候,最大,0.993247
環境,氣候變遷與自然災害,氣候,我思,0.99324
環境,氣候變遷與自然災害,氣候,英國,0.993232
環境,氣候變遷與自然災害,氣候,關燈,0.993228
環境,氣候變遷與自然災害,氣候,資金,0.99321
環境,氣候變遷與自然災害,氣候,研討會,0.993186
環境,氣候變遷與自然災害,氣候,我見,0.99318
環境,氣候變遷與自然災害,氣候,暖化,0.993173
環境,氣候變遷與自然災害,氣候,舉辦,0.993155
環境,氣候變遷與自然災害,氣候,公民,0.99314
環境,氣候變遷與自然災害,氣候,成立,0.993138
環境,氣候變遷與自然災害,氣候,澳洲,0.993129
環境,氣候變遷與自然災害,氣候,年內,0.993127
環境,氣候變遷與自然災害,氣候,消費者,0.993119
環境,氣候變遷與自然災害,氣候,問題,0.993045
環境,氣候變遷與自然災害,氣候,因應,0.993035
環境,氣候變遷與自然災害,氣候,溫室效應,0.993032
環境,氣候變遷與自然災害,氣候,運用,0.993025
環境,氣候變遷與自然災害,氣候,黃金,0.993014
環境,氣候變遷與自然災害,氣候,指數,0.993012
環境,氣候變遷與自然災害,氣候,風險管理,0.993011
環境,氣候變遷與自然災害,氣候,成果,0.992988
環境,氣候變遷與自然災害,氣候,排放,0.99297
環境,氣候變遷與自然災害,氣候,生存,0.992968
環境,氣候變遷與自然災害,氣候,態度,0.99295
環境,氣候變遷與自然災害,氣候,創造,0.992922
環境,氣候變遷與自然災害,氣候,再生,0.992906
環境,氣候變遷與自然災害,氣候,業者,0.992881
環境,氣候變遷與自然災害,氣候,開募,0.992854
環境,氣候變遷與自然災害,氣候,降低,0.992831
環境,氣候變遷與自然災害,氣候,建立,0.99281
環境,氣候變遷與自然災害,氣候,積極,0.9928
環境,氣候變遷與自然災害,氣候,概念,0.992789
環境,氣候變遷與自然災害,氣候,問世,0.992678
環境,氣候變遷與自然災害,氣候,競爭力,0.992649
環境,氣候變遷與自然災害,氣候,利多,0.992631
環境,氣候變遷與自然災害,氣候,願景,0.992623
環境,氣候變遷與自然災害,氣候,歐洲,0.992587
環境,氣候變遷與自然災害,氣候,必須,0.992566
環境,氣候變遷與自然災害,氣候,理財,0.992503
環境,氣候變遷與自然災害,氣候,高爾,0.99247
環境,氣候變遷與自然災害,氣候,替代,0.992454
環境,氣候變遷與自然災害,氣候,ING,0.992442
環境,氣候變遷與自然災害,氣候,國內,0.992425
環境,氣候變遷與自然災害,氣候,海水,0.992384
環境,氣候變遷與自然災害,氣候,產品,0.99234
環境,氣候變遷與自然災害,氣候,布局,0.992324
環境,氣候變遷與自然災害,氣候,未來,0.992312
環境,氣候變遷與自然災害,氣候,德盛,0.992311
環境,氣候變遷與自然災害,氣候,地球日,0.992311
環境,氣候變遷與自然災害,氣候,糧食,0.992298
環境,氣候變遷與自然災害,自然,自然,1.0
環境,氣候變遷與自然災害,自然,競爭力,0.998129
環境,氣候變遷與自然災害,自然,重要,0.998109
環境,氣候變遷與自然災害,自然,創造,0.997847
環境,氣候變遷與自然災害,自然,消費者,0.997831
環境,氣候變遷與自然災害,自然,發現,0.997801
環境,氣候變遷與自然災害,自然,CO,0.99775
環境,氣候變遷與自然災害,自然,智慧,0.997746
環境,氣候變遷與自然災害,自然,策略,0.997631
環境,氣候變遷與自然災害,自然,全國,0.997588
環境,氣候變遷與自然災害,自然,列車,0.997577
環境,氣候變遷與自然災害,自然,成果,0.997569
環境,氣候變遷與自然災害,自然,規劃,0.997538
環境,氣候變遷與自然災害,自然,民眾,0.997521
環境,氣候變遷與自然災害,自然,科技,0.997516
環境,氣候變遷與自然災害,自然,關鍵,0.997463
環境,氣候變遷與自然災害,自然,建築,0.997447
環境,氣候變遷與自然災害,自然,再生,0.997446
環境,氣候變遷與自然災害,自然,金融時報,0.997445
環境,氣候變遷與自然災害,自然,抗暖化,0.997442
環境,氣候變遷與自然災害,自然,達成,0.997433
環境,氣候變遷與自然災害,自然,掌握,0.99743
環境,氣候變遷與自然災害,自然,再生能源,0.997399
環境,氣候變遷與自然災害,自然,理財,0.997395
環境,氣候變遷與自然災害,自然,教育,0.997393
環境,氣候變遷與自然災害,自然,世界,0.997378
環境,氣候變遷與自然災害,自然,邁向,0.997368
環境,氣候變遷與自然災害,自然,高峰,0.997364
環境,氣候變遷與自然災害,自然,調適,0.997335
環境,氣候變遷與自然災害,自然,可以,0.99733
環境,氣候變遷與自然災害,自然,供應鏈,0.997305
環境,氣候變遷與自然災害,自然,召開,0.997287
環境,氣候變遷與自然災害,自然,觀點,0.997279
環境,氣候變遷與自然災害,自然,綠化,0.997276
環境,氣候變遷與自然災害,自然,將成,0.997274
環境,氣候變遷與自然災害,自然,振興,0.997273
環境,氣候變遷與自然災害,自然,探討,0.99725
環境,氣候變遷與自然災害,自然,論壇,0.997246
環境,氣候變遷與自然災害,自然,協助,0.99723
環境,氣候變遷與自然災害,自然,專家,0.997229
環境,氣候變遷與自然災害,自然,研討,0.997217
環境,氣候變遷與自然災害,自然,不能,0.997208
環境,氣候變遷與自然災害,自然,目標,0.997203
環境,氣候變遷與自然災害,自然,強化,0.997199
環境,氣候變遷與自然災害,自然,概念,0.997193
環境,氣候變遷與自然災害,自然,業者,0.997191
環境,氣候變遷與自然災害,自然,準備,0.99715
環境,氣候變遷與自然災害,自然,進行,0.997137
環境,氣候變遷與自然災害,自然,總統,0.997127
環境,氣候變遷與自然災害,自然,美元,0.997109
環境,氣候變遷與自然災害,自然,新能源,0.997106
環境,氣候變遷與自然災害,自然,節能減碳,0.997086
環境,氣候變遷與自然災害,自然,LED,0.997079
環境,氣候變遷與自然災害,自然,利用,0.997072
環境,氣候變遷與自然災害,自然,責任,0.997064
環境,氣候變遷與自然災害,自然,對抗,0.997051
環境,氣候變遷與自然災害,自然,各國,0.997034
環境,氣候變遷與自然災害,自然,加速,0.99703
環境,氣候變遷與自然災害,自然,共同,0.997014
環境,氣候變遷與自然災害,自然,主軸,0.997007
環境,氣候變遷與自然災害,自然,措施,0.997001
環境,氣候變遷與自然災害,自然,開募,0.996995
環境,氣候變遷與自然災害,自然,亞洲,0.99698
環境,氣候變遷與自然災害,自然,要求,0.996915
環境,氣候變遷與自然災害,自然,黃金,0.996886
環境,氣候變遷與自然災害,自然,影響,0.996885
環境,氣候變遷與自然災害,自然,威脅,0.99688
環境,氣候變遷與自然災害,自然,成立,0.99684
環境,氣候變遷與自然災害,自然,環境,0.996827
環境,氣候變遷與自然災害,自然,登場,0.996792
環境,氣候變遷與自然災害,自然,國內,0.996774
環境,氣候變遷與自然災害,自然,願景,0.996767
環境,氣候變遷與自然災害,自然,推動,0.996748
環境,氣候變遷與自然災害,自然,水利,0.99674
環境,氣候變遷與自然災害,自然,催生,0.996715
環境,氣候變遷與自然災害,自然,草案,0.996695
環境,氣候變遷與自然災害,自然,共識,0.996691
環境,氣候變遷與自然災害,自然,開發,0.996673
環境,氣候變遷與自然災害,自然,企業,0.996651
環境,氣候變遷與自然災害,自然,銀行,0.996624
環境,氣候變遷與自然災害,自然,研討會,0.996605
環境,氣候變遷與自然災害,自然,經驗,0.996564
環境,氣候變遷與自然災害,自然,億美元,0.996553
環境,氣候變遷與自然災害,自然,議題,0.996546
環境,氣候變遷與自然災害,自然,空間,0.996546
環境,氣候變遷與自然災害,自然,英國,0.99653
環境,氣候變遷與自然災害,自然,巴西,0.996508
環境,氣候變遷與自然災害,自然,最大,0.996505
環境,氣候變遷與自然災害,自然,美國,0.996471
環境,氣候變遷與自然災害,自然,研發,0.996459
環境,氣候變遷與自然災害,自然,水資源,0.996457
環境,氣候變遷與自然災害,自然,與會,0.996445
環境,氣候變遷與自然災害,自然,節能,0.996406
環境,氣候變遷與自然災害,自然,爭取,0.996333
環境,氣候變遷與自然災害,自然,領袖,0.996324
環境,氣候變遷與自然災害,自然,技術,0.996322
環境,氣候變遷與自然災害,自然,人民,0.996306
環境,氣候變遷與自然災害,自然,經營,0.996295
環境,氣候變遷與自然災害,自然,低碳,0.996271
環境,氣候變遷與自然災害,自然,計畫,0.996265
環境,氣候變遷與自然災害,自然,澳洲,0.99626
環境,氣候變遷與自然災害,自然,舉辦,0.996241
環境,氣候變遷與自然災害,自然,時機,0.996233
環境,氣候變遷與自然災害,自然,創新,0.996216
環境,氣候變遷與自然災害,自然,募集,0.996201
環境,氣候變遷與自然災害,自然,歐洲,0.996186
環境,氣候變遷與自然災害,自然,風險管理,0.996181
環境,氣候變遷與自然災害,自然,活動,0.996165
環境,氣候變遷與自然災害,自然,挑戰,0.996141
環境,氣候變遷與自然災害,自然,明年,0.996115
環境,氣候變遷與自然災害,自然,排放,0.99609
環境,氣候變遷與自然災害,自然,減量,0.996086
環境,氣候變遷與自然災害,自然,ING,0.996086
環境,氣候變遷與自然災害,自然,必須,0.996079
環境,氣候變遷與自然災害,自然,題材,0.99607
環境,氣候變遷與自然災害,自然,缺水,0.996055
環境,氣候變遷與自然災害,自然,保護,0.996055
環境,氣候變遷與自然災害,自然,參與,0.996051
環境,氣候變遷與自然災害,自然,效率,0.996046
環境,氣候變遷與自然災害,自然,替代,0.996043
環境,氣候變遷與自然災害,自然,工程,0.996036
環境,氣候變遷與自然災害,自然,成長,0.996027
環境,氣候變遷與自然災害,自然,外交,0.996005
環境,氣候變遷與自然災害,自然,產品,0.996004
環境,氣候變遷與自然災害,自然,歐盟,0.995998
環境,氣候變遷與自然災害,自然,聯合國,0.995947
環境,氣候變遷與自然災害,自然,執政,0.995942
環境,氣候變遷與自然災害,自然,溫室效應,0.995941
環境,氣候變遷與自然災害,自然,考驗,0.995922
環境,氣候變遷與自然災害,自然,海洋,0.99591
環境,氣候變遷與自然災害,自然,城市,0.995882
環境,氣候變遷與自然災害,自然,衝擊,0.995864
環境,氣候變遷與自然災害,自然,利多,0.99586
環境,氣候變遷與自然災害,自然,發電,0.995852
環境,氣候變遷與自然災害,自然,森林,0.995824
環境,氣候變遷與自然災害,自然,公布,0.995808
環境,氣候變遷與自然災害,自然,通過,0.995796
環境,氣候變遷與自然災害,自然,金融,0.995773
環境,氣候變遷與自然災害,自然,機會,0.99575
環境,氣候變遷與自然災害,自然,專欄,0.995724
環境,氣候變遷與自然災害,自然,指數,0.9957
環境,氣候變遷與自然災害,自然,小時,0.995672
環境,氣候變遷與自然災害,自然,學者,0.99566
環境,氣候變遷與自然災害,自然,提供,0.995647
環境,氣候變遷與自然災害,自然,碳權,0.995619
環境,氣候變遷與自然災害,自然,才能,0.995613
環境,氣候變遷與自然災害,自然,災難,0.995601
環境,氣候變遷與自然災害,自然,預測,0.995593
環境,氣候變遷與自然災害,自然,落實,0.995588
環境,氣候變遷與自然災害,自然,__,0.995577
環境,氣候變遷與自然災害,自然,生存,0.995576
環境,氣候變遷與自然災害,自然,團隊,0.995571
環境,氣候變遷與自然災害,自然,支持,0.995562
環境,氣候變遷與自然災害,自然,峰會,0.995558
環境,氣候變遷與自然災害,自然,最好,0.995552
環境,氣候變遷與自然災害,自然,投入,0.995551
環境,氣候變遷與自然災害,自然,油價,0.995541
環境,氣候變遷與自然災害,自然,方案,0.995529
環境,氣候變遷與自然災害,自然,大事紀,0.995526
環境,氣候變遷與自然災害,自然,風災,0.995519
環境,氣候變遷與自然災害,自然,平台,0.995517
環境,氣候變遷與自然災害,自然,全球暖化,0.995506
環境,氣候變遷與自然災害,自然,安全,0.995459
環境,氣候變遷與自然災害,自然,一個,0.995406
環境,氣候變遷與自然災害,自然,時代,0.995405
環境,氣候變遷與自然災害,自然,政府,0.995404
環境,氣候變遷與自然災害,自然,減排,0.995398
環境,氣候變遷與自然災害,自然,因應,0.995383
環境,氣候變遷與自然災害,自然,我們,0.99537
環境,氣候變遷與自然災害,自然,真相,0.995357
環境,氣候變遷與自然災害,自然,氣象,0.995356
環境,氣候變遷與自然災害,自然,糧食,0.995334
環境,氣候變遷與自然災害,自然,商機,0.99533
環境,氣候變遷與自然災害,自然,科學家,0.995298
環境,氣候變遷與自然災害,自然,提升,0.995286
環境,氣候變遷與自然災害,自然,資金,0.995258
環境,氣候變遷與自然災害,自然,來臨,0.995221
環境,氣候變遷與自然災害,自然,帶動,0.995214
環境,氣候變遷與自然災害,自然,政策,0.995177
環境,氣候變遷與自然災害,自然,運用,0.995173
環境,氣候變遷與自然災害,自然,條例,0.995148
環境,氣候變遷與自然災害,自然,新思維,0.99505
環境,氣候變遷與自然災害,自然,胡錦濤,0.995023
環境,氣候變遷與自然災害,自然,ETF,0.995012
環境,氣候變遷與自然災害,自然,開幕,0.994998
環境,氣候變遷與自然災害,自然,員工,0.994978
環境,氣候變遷與自然災害,自然,台股,0.994967
環境,氣候變遷與自然災害,自然,運動,0.994941
環境,氣候變遷與自然災害,自然,可能,0.994933
環境,氣候變遷與自然災害,自然,推出,0.994917
環境,氣候變遷與自然災害,自然,德盛,0.994858
環境,氣候變遷與自然災害,自然,大學,0.994831
環境,氣候變遷與自然災害,自然,高爾,0.994829
環境,氣候變遷與自然災害,自然,新書,0.994819
環境,氣候變遷與自然災害,自然,關燈,0.994741
環境,氣候變遷與自然災害,自然,空調,0.994714
環境,氣候變遷與自然災害,自然,國家,0.994631
環境,氣候變遷與自然災害,自然,問題,0.994616
